r(A),g(r)
1.604999999999999982e+00,2.675117819833415567e+00
1.615000000000000213e+00,2.511812852460229450e+00
1.625000000000000000e+00,2.281395877339086997e+00
1.635000000000000231e+00,2.022738247713368409e+00
1.645000000000000018e+00,1.737880613725217627e+00
1.655000000000000249e+00,1.451285578400526299e+00
1.665000000000000036e+00,1.137184652491881609e+00
1.675000000000000266e+00,9.179406688915031642e-01
1.685000000000000053e+00,7.170581666241899743e-01
1.695000000000000284e+00,5.348415676478270875e-01
1.705000000000000071e+00,4.151825778896843233e-01
1.715000000000000302e+00,3.171640022857483143e-01
1.725000000000000089e+00,2.623339994789302687e-01
1.735000000000000098e+00,2.244159530021586357e-01
1.745000000000000107e+00,2.117757150178886383e-01
1.754999999999999893e+00,2.042947146035956063e-01
1.765000000000000124e+00,2.024508682246170532e-01
1.774999999999999911e+00,2.300326288089166449e-01
1.785000000000000142e+00,2.436319074595209577e-01
1.794999999999999929e+00,2.608672374014950335e-01
1.805000000000000160e+00,2.839253638278395053e-01
1.814999999999999947e+00,3.049672388741889173e-01
1.825000000000000178e+00,3.403922525094363882e-01
1.834999999999999964e+00,3.595568443738692554e-01
1.845000000000000195e+00,3.824534147771169734e-01
1.854999999999999982e+00,4.259490970291789358e-01
1.865000000000000213e+00,4.478554400924493750e-01
1.875000000000000000e+00,4.800564730937836311e-01
1.885000000000000231e+00,5.114693420206957164e-01
1.895000000000000018e+00,5.407433610062601925e-01
1.905000000000000249e+00,5.577317920557727238e-01
1.915000000000000036e+00,5.834131776994979646e-01
1.925000000000000266e+00,6.351667203418693841e-01
1.935000000000000053e+00,6.691248235463979066e-01
1.945000000000000284e+00,6.995984504381840274e-01
1.955000000000000071e+00,7.312326361187220236e-01
1.965000000000000080e+00,7.704338161470666302e-01
1.975000000000000089e+00,7.868416708738052989e-01
1.985000000000000098e+00,8.249910514655961480e-01
1.995000000000000107e+00,8.544839297539855716e-01
2.004999999999999893e+00,8.898287041505620332e-01
2.015000000000000124e+00,9.356946186525043618e-01
2.025000000000000355e+00,9.580267305778750186e-01
2.035000000000000142e+00,9.643599067643261469e-01
2.044999999999999929e+00,1.025752810074539001e+00
2.055000000000000160e+00,1.030118438794056290e+00
2.065000000000000391e+00,1.072090261549644818e+00
2.075000000000000178e+00,1.105476483880657446e+00
2.084999999999999964e+00,1.125590914272174281e+00
2.094999999999999751e+00,1.146195074308237194e+00
2.105000000000000426e+00,1.170799606262802328e+00
2.115000000000000213e+00,1.181753746652800752e+00
2.125000000000000000e+00,1.216230103399603468e+00
2.134999999999999787e+00,1.227151123398686927e+00
2.145000000000000462e+00,1.234670757507988048e+00
2.155000000000000249e+00,1.261630440105786954e+00
2.165000000000000036e+00,1.255498310026580633e+00
2.174999999999999822e+00,1.269738231556673647e+00
2.185000000000000053e+00,1.300822234034909597e+00
2.195000000000000284e+00,1.294162957916681123e+00
2.205000000000000071e+00,1.307870373743796444e+00
2.214999999999999858e+00,1.316086623913172771e+00
2.225000000000000089e+00,1.325213485946497460e+00
2.235000000000000320e+00,1.333313481172258230e+00
2.245000000000000107e+00,1.336048423765324733e+00
2.254999999999999893e+00,1.333502873110293807e+00
2.265000000000000124e+00,1.334842914066575403e+00
2.275000000000000355e+00,1.323860818862308886e+00
2.285000000000000142e+00,1.331091035749457197e+00
2.294999999999999929e+00,1.324407147247833594e+00
2.305000000000000160e+00,1.323018643165140507e+00
2.315000000000000391e+00,1.313827649160248301e+00
2.325000000000000178e+00,1.313526607082929010e+00
2.334999999999999964e+00,1.304529537464914180e+00
2.344999999999999751e+00,1.290690242393237597e+00
2.355000000000000426e+00,1.298435515099903848e+00
2.365000000000000213e+00,1.284425198653450284e+00
2.375000000000000000e+00,1.262753471597791943e+00
2.384999999999999787e+00,1.257122221171332654e+00
2.395000000000000462e+00,1.257293150222642542e+00
2.405000000000000249e+00,1.249211130936659142e+00
2.415000000000000036e+00,1.233080763405480784e+00
2.424999999999999822e+00,1.215500000643828793e+00
2.435000000000000053e+00,1.214518900468770424e+00
2.445000000000000284e+00,1.194582269937460195e+00
2.455000000000000071e+00,1.179827849438641607e+00
2.464999999999999858e+00,1.177181571648125979e+00
2.475000000000000089e+00,1.152473724164053026e+00
2.485000000000000320e+00,1.138764252612439742e+00
2.495000000000000107e+00,1.131235021488538717e+00
2.504999999999999893e+00,1.124296857495313828e+00
2.515000000000000124e+00,1.104849348089947725e+00
2.525000000000000355e+00,1.077638734972563350e+00
2.535000000000000142e+00,1.062037144190828286e+00
2.544999999999999929e+00,1.058220808907359478e+00
2.555000000000000160e+00,1.040376616466934578e+00
2.565000000000000391e+00,1.014331455160015105e+00
2.575000000000000178e+00,1.010091509704665658e+00
2.584999999999999964e+00,9.828435089256539747e-01
2.594999999999999751e+00,9.784208195922778906e-01
2.605000000000000426e+00,9.504079004710884737e-01
2.615000000000000213e+00,9.484436697018084894e-01
2.625000000000000000e+00,9.250175566265544935e-01
2.634999999999999787e+00,9.035031327532327960e-01
2.645000000000000462e+00,9.051240362532674277e-01
2.655000000000000249e+00,8.838653688155458932e-01
2.665000000000000036e+00,8.515296637337788077e-01
2.674999999999999822e+00,8.493412000970367304e-01
2.685000000000000497e+00,8.284527157733024838e-01
2.695000000000000284e+00,8.186896502795310004e-01
2.705000000000000071e+00,8.134388098569930170e-01
2.714999999999999858e+00,8.037666966445485839e-01
2.725000000000000533e+00,7.833005683212301840e-01
2.735000000000000320e+00,7.741006568003846455e-01
2.745000000000000107e+00,7.687013246348048945e-01
2.754999999999999893e+00,7.477631737231507092e-01
2.764999999999999680e+00,7.516394724713303388e-01
2.775000000000000355e+00,7.336031231216630921e-01
2.785000000000000142e+00,7.387929690799299731e-01
2.794999999999999929e+00,7.131754435162898087e-01
2.804999999999999716e+00,7.216368360328045961e-01
2.815000000000000391e+00,7.132680994324295254e-01
2.825000000000000178e+00,7.055073056250039665e-01
2.834999999999999964e+00,7.088216904946467167e-01
2.844999999999999751e+00,6.922257920144522236e-01
2.855000000000000426e+00,6.936701769274753460e-01
2.865000000000000213e+00,6.997321017258223419e-01
2.875000000000000000e+00,6.856284373478250815e-01
2.884999999999999787e+00,7.000095624524594884e-01
2.895000000000000462e+00,7.041263915882126634e-01
2.905000000000000249e+00,6.906098398316253828e-01
2.915000000000000036e+00,6.937480541636817932e-01
2.924999999999999822e+00,6.832615116400990729e-01
2.935000000000000497e+00,6.897685937350382934e-01
2.945000000000000284e+00,6.930013557512899602e-01
2.955000000000000071e+00,6.997544486088009830e-01
2.964999999999999858e+00,6.967872420356723273e-01
2.975000000000000533e+00,6.961659122145343881e-01
2.985000000000000320e+00,7.071663565373436100e-01
2.995000000000000107e+00,7.103573348418227296e-01
3.004999999999999893e+00,7.029449495965466310e-01
3.014999999999999680e+00,7.015692491014553500e-01
3.025000000000000355e+00,7.024737156256035675e-01
3.035000000000000142e+00,7.080329330462540316e-01
3.044999999999999929e+00,7.240863140315243474e-01
3.054999999999999716e+00,7.153531918441600190e-01
3.065000000000000391e+00,7.239103878120588531e-01
3.075000000000000178e+00,7.273825207482230715e-01
3.084999999999999964e+00,7.258677900049514964e-01
3.094999999999999751e+00,7.383472175033751750e-01
3.105000000000000426e+00,7.449170236099892373e-01
3.115000000000000213e+00,7.562196480840078783e-01
3.125000000000000000e+00,7.496982087612094059e-01
3.134999999999999787e+00,7.552892688402483845e-01
3.145000000000000462e+00,7.593310503593184713e-01
3.155000000000000249e+00,7.814506892690291640e-01
3.165000000000000036e+00,7.748156801267465088e-01
3.174999999999999822e+00,7.889500222449693512e-01
3.185000000000000497e+00,7.895673888442760191e-01
3.195000000000000284e+00,8.053591770067235478e-01
3.205000000000000071e+00,8.089353800801446503e-01
3.214999999999999858e+00,8.152797825276557608e-01
3.225000000000000533e+00,8.233667531811711404e-01
3.235000000000000320e+00,8.179800287662343239e-01
3.245000000000000107e+00,8.366948168643117967e-01
3.254999999999999893e+00,8.371892522025259353e-01
3.265000000000000124e+00,8.515089401704016847e-01
3.275000000000000355e+00,8.496630169949751510e-01
3.285000000000000142e+00,8.549850629925352941e-01
3.294999999999999929e+00,8.633460300947906063e-01
3.304999999999999716e+00,8.737896165987460995e-01
3.315000000000000391e+00,8.838282832566397573e-01
3.325000000000000178e+00,8.958249531060322735e-01
3.334999999999999964e+00,9.056322505121544575e-01
3.344999999999999751e+00,8.971472340210097096e-01
3.355000000000000426e+00,9.060525461010131565e-01
3.365000000000000213e+00,9.191305973589080081e-01
3.375000000000000000e+00,9.306912415763137769e-01
3.384999999999999787e+00,9.360622782967010780e-01
3.395000000000000462e+00,9.456480398429659706e-01
3.405000000000000249e+00,9.623697926732824870e-01
3.415000000000000036e+00,9.468890827112539377e-01
3.424999999999999822e+00,9.623156730501986056e-01
3.435000000000000497e+00,9.625344470736088009e-01
3.445000000000000284e+00,9.842933203501517125e-01
3.455000000000000071e+00,9.843260374190895279e-01
3.464999999999999858e+00,9.873071568958355915e-01
3.475000000000000533e+00,9.945999886614057539e-01
3.485000000000000320e+00,1.004176098731719202e+00
3.495000000000000107e+00,1.007560552296219214e+00
3.504999999999999893e+00,1.016261774908097992e+00
3.515000000000000124e+00,1.026347084798551190e+00
3.525000000000000355e+00,1.035882474390211083e+00
3.535000000000000142e+00,1.036353224177122057e+00
3.544999999999999929e+00,1.041846049197255208e+00
3.554999999999999716e+00,1.053696206976197036e+00
3.565000000000000391e+00,1.056037222231905881e+00
3.575000000000000178e+00,1.055685959724729006e+00
3.584999999999999964e+00,1.069239701755124949e+00
3.594999999999999751e+00,1.068069660374421526e+00
3.605000000000000426e+00,1.069412760680301000e+00
3.615000000000000213e+00,1.078675819156693638e+00
3.625000000000000000e+00,1.082336052896777367e+00
3.635000000000000231e+00,1.099783689017739929e+00
3.645000000000000018e+00,1.099639427571336148e+00
3.655000000000000249e+00,1.092460520690922809e+00
3.665000000000000036e+00,1.105533816979563655e+00
3.674999999999999822e+00,1.107261988897563443e+00
3.685000000000000053e+00,1.108315707054152499e+00
3.695000000000000284e+00,1.107497468501330129e+00
3.705000000000000071e+00,1.111352793405101513e+00
3.714999999999999858e+00,1.118191514436049028e+00
3.725000000000000089e+00,1.124565412320418956e+00
3.735000000000000320e+00,1.119277874919950566e+00
3.745000000000000107e+00,1.123688853391373366e+00
3.754999999999999893e+00,1.123089949714517255e+00
3.765000000000000124e+00,1.121889412353354487e+00
3.775000000000000355e+00,1.127550723509518127e+00
3.785000000000000142e+00,1.132267885341984526e+00
3.794999999999999929e+00,1.130267673041558174e+00
3.805000000000000160e+00,1.129672214866497937e+00
3.815000000000000391e+00,1.131652731184183747e+00
3.825000000000000178e+00,1.134962137675281868e+00
3.834999999999999964e+00,1.131884780502542265e+00
3.845000000000000195e+00,1.124595283302480819e+00
3.855000000000000426e+00,1.127902687991111375e+00
3.865000000000000213e+00,1.130540835181184756e+00
3.875000000000000000e+00,1.136124483503463622e+00
3.885000000000000231e+00,1.130417471830706955e+00
3.895000000000000462e+00,1.133644447157897472e+00
3.905000000000000249e+00,1.124467218444426875e+00
3.915000000000000036e+00,1.122242528124471006e+00
3.924999999999999822e+00,1.126526410431106795e+00
3.935000000000000053e+00,1.123705315432874885e+00
3.945000000000000284e+00,1.120749530366400126e+00
3.955000000000000071e+00,1.122268628454089701e+00
3.964999999999999858e+00,1.111938625647520773e+00
3.975000000000000089e+00,1.120199395647396567e+00
3.985000000000000320e+00,1.121091109085859738e+00
3.995000000000000107e+00,1.112747272871852378e+00
4.004999999999999893e+00,1.109398858642555830e+00
4.014999999999999680e+00,1.120038795913508745e+00
4.025000000000000355e+00,1.102474548172253321e+00
4.035000000000000142e+00,1.112198539369944950e+00
4.044999999999999929e+00,1.094889644428252540e+00
4.055000000000000604e+00,1.092330082431838045e+00
4.065000000000000391e+00,1.103287129150768431e+00
4.075000000000000178e+00,1.092301277075292010e+00
4.084999999999999964e+00,1.087723126953260122e+00
4.094999999999999751e+00,1.089942584346456966e+00
4.105000000000000426e+00,1.085463189960494290e+00
4.115000000000000213e+00,1.080928947564308906e+00
4.125000000000000000e+00,1.081188657616071414e+00
4.135000000000000675e+00,1.077438251210478315e+00
4.145000000000000462e+00,1.066989761055249231e+00
4.155000000000000249e+00,1.067828435480283611e+00
4.165000000000000036e+00,1.068713502842398189e+00
4.174999999999999822e+00,1.065924748404135425e+00
4.184999999999999609e+00,1.071661168885408966e+00
4.195000000000000284e+00,1.063630453554755162e+00
4.205000000000000071e+00,1.059494243546232672e+00
4.214999999999999858e+00,1.058871611336544838e+00
4.225000000000000533e+00,1.053621918575025740e+00
4.235000000000000320e+00,1.054122733490661101e+00
4.245000000000000107e+00,1.058718982871729830e+00
4.254999999999999893e+00,1.050790980263970553e+00
4.264999999999999680e+00,1.054095544896478165e+00
4.275000000000000355e+00,1.046509214606701654e+00
4.285000000000000142e+00,1.039801834815315074e+00
4.294999999999999929e+00,1.044505129841639901e+00
4.305000000000000604e+00,1.037050158318604476e+00
4.315000000000000391e+00,1.041389456234640409e+00
4.325000000000000178e+00,1.051758540381854123e+00
4.334999999999999964e+00,1.041012814681836707e+00
4.344999999999999751e+00,1.036824466666340427e+00
4.355000000000000426e+00,1.046474533335345791e+00
4.365000000000000213e+00,1.040667392581521300e+00
4.375000000000000000e+00,1.040255371822895514e+00
4.385000000000000675e+00,1.031813224438939081e+00
4.395000000000000462e+00,1.038451238976089375e+00
4.405000000000000249e+00,1.038634249599762693e+00
4.415000000000000036e+00,1.035196698406550375e+00
4.424999999999999822e+00,1.041092067489416406e+00
4.434999999999999609e+00,1.040625716532476819e+00
4.445000000000000284e+00,1.040782926535301689e+00
4.455000000000000071e+00,1.029378250400039274e+00
4.464999999999999858e+00,1.038027535464195017e+00
4.475000000000000533e+00,1.028869620015206987e+00
4.485000000000000320e+00,1.033625069525472950e+00
4.495000000000000107e+00,1.033529213329940744e+00
4.504999999999999893e+00,1.030985321448939285e+00
4.514999999999999680e+00,1.030682934847412913e+00
4.525000000000000355e+00,1.025355005120762941e+00
4.535000000000000142e+00,1.030731587825657325e+00
4.544999999999999929e+00,1.029703775385583997e+00
4.555000000000000604e+00,1.026763889329384227e+00
4.565000000000000391e+00,1.021242614164179496e+00
4.575000000000000178e+00,1.025840598841445850e+00
4.584999999999999964e+00,1.017130144066634045e+00
4.594999999999999751e+00,1.021206935555620365e+00
4.605000000000000426e+00,1.022577256465211137e+00
4.615000000000000213e+00,1.029022244056844837e+00
4.625000000000000000e+00,1.025605581123628207e+00
4.635000000000000675e+00,1.022262682889188978e+00
4.645000000000000462e+00,1.020548795727471925e+00
4.655000000000000249e+00,1.015794763985666815e+00
4.665000000000000036e+00,1.017096929804394589e+00
4.674999999999999822e+00,1.028244756022591577e+00
4.684999999999999609e+00,1.021789626678761165e+00
4.695000000000000284e+00,1.017428460164360837e+00
4.705000000000000071e+00,1.015723119427214716e+00
4.714999999999999858e+00,1.019803657470456759e+00
4.725000000000000533e+00,1.014998953675479765e+00
4.735000000000000320e+00,1.011245554922820977e+00
4.745000000000000107e+00,1.021938300560980561e+00
4.754999999999999893e+00,1.014098513625952602e+00
4.764999999999999680e+00,1.015837871751827493e+00
4.775000000000000355e+00,1.014799139458760546e+00
4.785000000000000142e+00,1.018905172128165892e+00
4.794999999999999929e+00,1.016145183666824270e+00
4.805000000000000604e+00,1.014602793809847414e+00
4.815000000000000391e+00,1.008682498630678603e+00
4.825000000000000178e+00,1.015968495458873688e+00
4.834999999999999964e+00,1.006879752526781191e+00
4.844999999999999751e+00,1.005674553593077336e+00
4.855000000000000426e+00,1.002063989174137859e+00
4.865000000000000213e+00,1.007108160735065594e+00
4.875000000000000000e+00,1.006439436636797913e+00
4.885000000000000675e+00,1.011080215870824528e+00
4.895000000000000462e+00,1.009707472186983201e+00
4.905000000000000249e+00,1.003224660417711744e+00
4.915000000000000036e+00,1.006562954756855754e+00
4.924999999999999822e+00,1.001763576214138585e+00
4.934999999999999609e+00,1.000999838153397770e+00
4.945000000000000284e+00,1.006744092454166628e+00
4.955000000000000071e+00,9.989122727687874681e-01
4.964999999999999858e+00,1.001784606898449281e+00
4.975000000000000533e+00,9.988255399142254021e-01
4.985000000000000320e+00,9.980368621756250391e-01
4.995000000000000107e+00,1.004670878004850110e+00
